M-code,Date,Stat week,Tag group,Card #,Fish #,Direction,Time in,Sex,Length,Time out,Notes,Age,Lat,Long,Mesh size,Secchi dis,Secchi re,Air temp,Water temp,Wind sp,Wind dir,Cloud cov,Final fate (num),Final fate spec.,FF Loc,Date,Time,Gear,Final Notes
15,7/30/2020,31,1,1,1,S,13:01,M,540,13:12,,3,63.97997,-160.88122,7/8,0.5,0.4,56,56,12,SE,100,3,b,6,8/8/2020,20:00:00,GN,Will be deleted from final version
35,7/30/2020,31,1,1,2,N,13:16,M,534,13:20,,2.1,63.97997,-160.88122,7/8,0.5,0.4,56,56,12,SE,100,3,c,6,8/1/2020,16:00:00,5/8,Will be deleted from final version
55,7/31/2020,31,1,2,1,S,10:01,M,499,10:07,,2.1,63.82572,-160.76588,7/8,0.5,0.4,59,58,5,E,99,1,a,Unalakleet,8/1/2020,8:51:51,,
75,8/4/2020,32,1,3,1,S,9:28,F,558,9:33,,1.1,63.91225,-160.81984,5/8,0.4,0.3,58,58,2,S,87,1,a,Unalakleet,8/6/2020,16:16:38,,
95,8/4/2020,32,1,3,2,S,1028,M,479,10:38,,2.1,63.91225,-160.81984,5/8,0.4,0.3,58,58,2,S,87,1,b,Unalakleet,8/12/2020,,5 7/8,Was detected in Golsovia
115,8/4/2020,32,1,3,3,S,11:31,F,522,11:35,,3,63.91225,-160.81984,5/8,0.4,0.3,58,58,2,S,87,3,a,,,,,
135,8/5/2020,32,1,4,1,S,12:37,M,512,12:41,,1.1,65.85706,-160.78398,5/8,0.4,0.2,,,1,W,89,4,,,,,,
155,8/5/2020,32,1,4,2,N,14:18,F,529,14:26,,2.1,64.01717,-160.91177,5/8,0.7,0.5,,,7,NW,75,4,,,,,,
175,8/5/2020,32,1,4,3,N,14:18,M,583,14:30,,2.1,64.01717,-160.91177,5/8,0.7,0.5,,,7,NW,75,3,a,,,,,
195,8/5/2020,32,1,4,4,N,14:33,M,524,14:38,,2.1,64.01717,-160.91177,5/8,0.7,0.5,,,7,NW,75,1,a,Unalakleet,8/7/2020,6:37:10,,
215,8/5/2020,32,1,4,5,N,14:43,M,543,14:47,,2.1,64.01717,-160.91177,5/8,0.7,0.5,,,7,NW,75,1,a,Unalakleet,8/8/2020,7:34:02,,
235,8/5/2020,32,1,4,6,S,15:12,M,505,15:16,,2.1,64.01717,-160.91177,5/8,0.7,0.5,,,7,NW,75,3,a,,,,,
255,8/5/2020,32,1,4,7,N,15:12,F,475,15:23,,2.1,64.01717,-160.91177,5/8,0.7,0.5,,,7,NW,75,3,c,5,8/9/2020,18:00:00,,Found on NSSP tender
275,8/5/2020,32,1,4,8,N,15:15,M,515,15:28,,2.1,64.01717,-160.91177,5/8,0.7,0.5,,,7,NW,75,1,a,Unalakleet,8/6/2020,14:59:42,,
295,8/5/2020,32,1,4,9,N,15:41,M,520,15:45,,2.1,64.01717,-160.91177,5/8,0.7,0.5,,,7,NW,75,4,,,,,,
315,8/5/2020,32,1,4,10,N,15:45,M,524,15:53,,1.1,64.01717,-160.91177,5/8,0.7,0.5,,,7,NW,75,4,,,,,,
335,8/5/2020,32,1,5,1,S,15:48,M,470,15:58,,3,64.01717,-160.91177,5/8,0.7,0.5,,,7,NW,75,4,,,,,,
355,8/5/2020,32,1,5,2,N,15:48,M,464,16:06,,2.1,64.01717,-160.91177,5/8,0.7,0.5,,,7,NW,75,3,a,,,,,
375,8/5/2020,32,1,5,3,N,16:02,M,575,16:09,,2.1,64.01717,-160.91177,5/8,0.7,0.5,,,7,NW,75,1,a,Unalakleet,8/8/2020,6:54:31,,
395,8/5/2020,32,1,5,4,S,16:03,M,498,16:12,,1.1,64.01717,-160.91177,5/8,0.7,0.5,,,7,NW,75,1,a,Unalakleet,8/6/2020,15:35:26,,
415,8/5/2020,32,1,5,5,S,16:15,M,528,16:31,,2.1,64.01717,-160.91177,5/8,0.7,0.5,,,7,NW,75,1,a,Unalakleet,8/7/2020,22:17:49,,
435,8/5/2020,32,1,5,6,N,16:17,M,499,16:27,,2.1,64.01717,-160.91177,5/8,0.7,0.5,,,7,NW,75,1,a,Shaktoolik,8/12/2020,18:59:49,,
455,8/5/2020,32,1,5,7,S,16:20,F,576,16:35,,3,64.01717,-160.91177,5/8,0.7,0.5,,,7,NW,75,3,b,6,8/8/2020,20:00:00,5 1/2,
475,8/6/2020,32,1,6,1,S,12:00,F,519,12:03,,1.1,64.03183,-160.92131,5/8,2.2,2.1,56,57,7,E,95,1,a,Unalakleet,8/10/2020,17:25:15,,
495,8/6/2020,32,1,6,2,N,12:20,M,517,12:26,,2.1,64.01718,-160.91241,5/8,2.2,2.1,59,57,5,NW,60,3,a,,,,,
515,8/6/2020,32,1,6,3,S,12:52,F,584,12:57,,2.1,64.01718,-160.91241,5/8,2.2,2.1,59,57,5,NW,60,1,a,Unalakleet,,,,
535,8/6/2020,32,1,6,4,N,13:09,M,515,13:14,,1.1,64.01718,-160.91241,5/8,2.2,2.1,59,57,5,NW,60,1,a,Egavik,8/12/2020,8:08:07,,
555,8/6/2020,32,1,6,5,N,13:23,F,561,13:29,,2.1,64.01718,-160.91241,5/8,2.2,2.1,59,57,5,NW,60,1,a,Unalakleet,,,,Entered Unalakleet 8/8 left 8/19
575,8/6/2020,32,1,6,6,N,13:34,M,515,13:38,,1.1,64.01718,-160.91241,5/8,2.2,2.1,59,57,5,NW,60,1,a,Unalakleet,,,,
595,8/6/2020,32,1,6,7,N,13:34,M,528,13:41,,2.1,64.01718,-160.91241,5/8,2.2,2.1,59,57,5,NW,60,4,,,,,,
615,8/6/2020,32,1,6,8,N,13:34,M,519,13:44,,2.1,64.01718,-160.91241,5/8,2.2,2.1,59,57,5,NW,60,1,a,Unalakleet,8/8/2020,18:38:34,,
635,8/6/2020,32,1,6,9,N,13:34,M,611,13:47,,3,64.01718,-160.91241,5/8,2.2,2.1,59,57,5,NW,60,3,b,6,8/8/2020,20:00:00,5 1/2,
655,8/6/2020,32,1,6,10,N,13:34,F,536,13:49,,2.1,64.01718,-160.91241,5/8,2.2,2.1,59,57,5,NW,60,3,b,6,8/9/2020,17:00:00,5 3/4,
675,8/6/2020,32,1,7,1,N,13:55,M,543,13:58,,3.1,64.01718,-160.91241,5/8,2.2,2.1,59,57,5,NW,60,1,a,Unalakleet,8/7/2020,8:24:34,,
695,8/6/2020,32,1,7,2,N,14:12,F,547,14:16,,3.1,64.01718,-160.91241,5/8,2.2,2.1,59,57,5,NW,60,3,a,,,,,
715,8/6/2020,32,1,7,3,N,14:26,M,489,14:30,,2.1,64.01718,-160.91241,5/8,2.2,2.1,59,57,5,NW,60,1,a,Unalakleet,8/7/2020,21:30:02,,
735,8/6/2020,32,1,7,4,N,14:41,M,543,14:45,,2.1,64.01718,-160.91241,5/8,2.2,2.1,59,57,5,NW,60,1,a,Unalakleet,8/9/2020,20:00:00,RR,Not detected by inriver rec. Downstream recap?
755,8/6/2020,32,1,7,5,N,15:00,M,418,15:04,,7,64.02528,-160.94028,5/8,2.2,2.1,59,57,5,NW,60,1,a,Unalakleet,,,,"Sockeye, Entered Unalakleet on 8/7, left on 8/20"
775,8/6/2020,32,1,7,6,N,15:11,M,564,15:15,,2.1,64.01718,-160.91241,5/8,2.2,2.1,59,57,5,NW,60,4,,,,,,
795,8/6/2020,32,1,7,7,S,15:19,M,435,15:37,,7,64.02528,-160.94028,5/8,2.2,2.1,59,57,5,NW,60,4,,,,,,Sockeye
815,8/3/2020,32,1,,1,S,14:25,F,543,14:30,,,63.95282,-160.85172,5/8,2.2,2.1,65,59,15,NW,60,1,a,Unalakleet,8/6/2020,17:42:47,,
835,8/3/2020,32,1,,2,S,14:48,M,585,14:51,,,63.95282,-160.85172,5/8,2.2,2.1,65,59,15,NW,60,1,a,Unalakleet,8/6/2020,15:48:38,,
855,8/6/2020,32,1,7,8,N,15:30,F,551,15:38,,2.1,64.01718,-160.91241,5/8,2.2,2.1,59,57,5,NW,60,4,,,,,,
875,8/6/2020,32,1,7,9,N,15:32,M,544,15:38,,3,64.01718,-160.91241,5/8,2.2,2.1,59,57,5,NW,60,3,b,6,8/9/2020,12:00:00,5 3/4,
895,8/7/2020,32,1,8,1,S,10:11,F,533,10:26,,1.1,64.01690,-160.91451,5/8,0.8,0.5,60,58,7,S,85,1,a,Shaktoolik,8/15/2020,0:00:44,,
915,8/7/2020,32,1,8,2,N,10:12,F,576,10:26,,2.1,64.01690,-160.91451,5/8,0.8,0.5,60,58,7,S,85,3,a,,,,,
935,8/7/2020,32,1,8,3,N,10:15,M,405,10:28,,2.1,64.01690,-160.91451,5/8,0.8,0.5,60,58,7,S,85,1,a,Unalakleet,8/8/2020,12:15:12,,
955,8/7/2020,32,1,8,4,N,10:17,F,505,10:31,,1.1,64.01690,-160.91451,5/8,0.8,0.5,60,58,7,S,85,1,a,Egavik,8/13/2020,7:42:50,,
975,8/7/2020,32,1,8,5,N,10:50,M,599,10:55,,2.1,64.01690,-160.91451,5/8,0.8,0.5,60,58,7,S,85,4,,,,,,
995,8/7/2020,32,1,8,6,N,11:02,M,501,11:05,,2.1,64.01690,-160.91451,5/8,0.8,0.5,60,58,7,S,85,1,a,Unalakleet,,,,
1015,8/7/2020,32,1,8,7,S,11:09,M,568,11:12,,3.1,64.01690,-160.91451,5/8,0.8,0.5,60,58,7,S,85,1,a,Unalakleet,8/8/2020,17:44:27,,
1035,8/7/2020,32,1,8,8,N,11:10,M,612,11:17,,1.1,64.01690,-160.91451,5/8,0.8,0.5,60,58,7,S,85,1,a,Unalakleet,8/17/2020,16:30:13,,"Entered Egavik 8/12, left 8/16"
1055,8/7/2020,32,1,8,9,N,11:33,F,554,11:38,,2.1,64.01690,-160.91451,5/8,0.8,0.5,60,58,7,S,85,1,a,Unalakleet,8/9/2020,8:35:06,,
1075,8/7/2020,32,1,8,10,N,11:45,F,509,11:52,,3,64.01690,-160.91451,5/8,0.8,0.5,60,58,7,S,85,1,b,Unalakleet,8/8/2020,,5 7/8,
1095,8/7/2020,32,1,9,1,N,12:04,M,557,12:09,,1.1,64.01690,-160.91451,5/8,0.8,0.5,60,58,7,S,85,1,a,Unalakleet,8/8/2020,9:23:37,,
1115,8/7/2020,32,1,9,2,S,12:33,M,534,12:38,,2.1,64.01690,-160.91451,5/8,0.8,0.5,60,58,7,S,85,3,a,,,,,
1135,8/7/2020,32,1,9,3,N,12:33,M,549,12:41,,2.1,64.01690,-160.91451,5/8,0.8,0.5,60,58,7,S,85,1,a,Unalakleet,8/8/2020,21:08:17,,
1155,8/7/2020,32,1,9,4,S,12:43,M,506,12:52,,1.1,64.01690,-160.91451,5/8,0.8,0.5,60,58,7,S,85,1,a,Unalakleet,8/9/2020,23:25:39,,
1175,8/7/2020,32,1,9,5,N,12:44,M,481,12:52,,2.1,64.01690,-160.91451,5/8,0.8,0.5,60,58,7,S,85,1,a,Shaktoolik,8/15/2020,11:53:03,,"Entered Egavik 8/9, left 8/11"
1195,8/7/2020,32,1,9,6,N,12:45,M,536,12:53,,2.1,64.01690,-160.91451,5/8,0.8,0.5,60,58,7,S,85,1,a,Unalakleet,8/14/2020,16:16:58,,
1215,8/7/2020,32,1,9,7,N,13:22,F,570,13:27,,2.1,64.01690,-160.91451,5/8,0.8,0.5,60,58,7,S,85,1,a,Egavik,,,,
1235,8/7/2020,32,1,9,8,N,13:57,M,580,14:01,,4,64.01690,-160.91451,5/8,0.8,0.5,60,58,7,S,85,1,a,Unalakleet,,,,
1255,8/7/2020,32,1,9,9,N,14:37,F,541,14:41,,2.1,64.01690,-160.91451,5/8,0.8,0.5,60,58,7,S,85,1,a,Unalakleet,8/11/2020,19:45:54,,
1275,8/7/2020,32,1,9,10,S,14:57,M,499,15:07,,2.1,64.01690,-160.91451,5/8,0.8,0.5,60,58,7,S,85,1,a,Unalakleet,8/22/2020,10:00:00,,
1295,8/7/2020,32,1,10,1,S,14:58,M,537,15:11,,3,64.01690,-160.91451,5/8,0.8,0.5,60,58,7,S,85,1,a,Unalakleet,8/15/2020,10:51:29,,
1315,8/7/2020,32,1,10,2,S,14:58,M,542,15:14,,2.1,64.01690,-160.91451,5/8,0.8,0.5,60,58,7,S,85,1,a,Unalakleet,8/10/2020,22:08:40,,
1335,8/7/2020,32,1,10,3,S,14:59,M,544,15:18,,3.1,64.01690,-160.91451,5/8,0.8,0.5,60,58,7,S,85,1,a,Shaktoolik,,,,"Entered Shaktoolik on 8/16, left on 8/28"
1355,8/7/2020,32,1,10,4,S,14:59,F,523,15:21,,1.1,64.01690,-160.91451,5/8,0.8,0.5,60,58,7,S,85,3,c,5,,,,Found on NSSP tender
1375,8/7/2020,32,1,10,5,S,15:24,M,543,15:29,,2.1,64.01690,-160.91451,5/8,0.8,0.5,60,58,7,S,85,1,a,Koyuk,8/20/2020,10:32:37,,
1395,8/7/2020,32,1,10,6,S,15:24,M,485,15:30,,2.1,64.01690,-160.91451,5/8,0.8,0.5,60,58,7,S,85,3,b,6,8/8/2020,20:00:00,GN,
1415,8/7/2020,32,1,10,7,S,15:25,M,493,15:33,,2.1,64.01690,-160.91451,5/8,0.8,0.5,60,58,7,S,85,3,c,5,8/9/2020,8:00:00,,
1435,8/7/2020,32,1,10,8,N,16:00,M,517,16:08,,1.1,64.01690,-160.91451,5/8,0.8,0.5,60,58,7,S,85,2,b,S,8/13/2020,11:00,RR,Caught at St. Michael
1455,8/10/2020,33,1,11,1,S,11:44,F,526,11:51,,2.1,64.01728,-160.91138,5/8,1,0.7,59,56,5,SE,30,1,a,Unalakleet,8/13/2020,13:03:49,,
1475,8/10/2020,33,1,11,2,N,11:48,M,584,11:53,,2.1,64.01728,-160.91138,5/8,1,0.7,59,56,5,SE,30,1,b,Unalakleet,8/12/2020,,5 7/8,
1495,8/10/2020,33,1,11,3,N,12:06,F,455,12:10,,2.1,64.01728,-160.91138,5/8,1,0.7,59,56,5,SE,30,1,a,Unalakleet,8/12/2020,7:46:52,,
1515,8/10/2020,33,1,11,4,S,13:03,F,483,13:08,,2.1,64.01728,-160.91138,5/8,1,0.7,59,56,5,SE,30,1,a,Unalakleet,8/11/2020,10:17:28,,
1535,8/10/2020,33,1,11,5,N,13:17,F,533,13:22,,3.1,64.02448,-160.91692,5/8,1.3,1.1,,,7,SE,50,1,a,Unalakleet,,,,
1555,8/10/2020,33,1,11,6,S,13:37,M,613,13:41,,4,64.02448,-160.91692,5/8,1.3,1.1,,,7,SE,50,3,a,,,,,
1575,8/10/2020,33,1,11,7,N,13:38,M,544,13:43,,2.1,64.02448,-160.91692,5/8,1.3,1.1,,,7,SE,50,1,a,Egavik,8/17/2020,22:52:21,,
1595,8/10/2020,33,1,11,8,N,13:51,M,512,13:58,,1.1,64.02448,-160.91692,5/8,1.3,1.1,,,7,SE,50,4,,,,,,
1615,8/10/2020,33,1,11,9,N,14:01,M,542,14:07,,1.1,64.02448,-160.91692,5/8,1.3,1.1,,,7,SE,50,1,a,Unalakleet,8/11/2020,19:55:09,,
1635,8/10/2020,33,1,11,10,S,14:02,M,388,14:08,,7,64.02448,-160.91692,5/8,1.3,1.1,,,7,SE,50,4,,,,,,Sockeye
1655,8/10/2020,33,1,12,1,S,14:02,M,528,14:10,,4,64.02448,-160.91692,5/8,1.3,1.1,,,7,SE,50,3,b,6,8/16/2020,12:40:00,5 5/8,
1675,8/11/2020,33,1,13,1,S,13:22,M,565,13:28,,3.1,64.01708,-160.91208,5/8,1.4,1,60,57,4,S,15,1,a,Shaktoolik,8/16/2020,7:27:36,,
1695,8/11/2020,33,1,13,2,N,14:24,M,525,14:28,,2.1,64.07530,-160.94740,5/8,1.5,1.1,62,58,8,W,8,1,a,Unalakleet,8/15/2020,9:09:31,,"Entered Shaktoolik 8/15, left 8/18"
1715,8/12/2020,33,1,14,1,N,10:20,F,499,10:32,,3,63.95433,-160.85193,SN,0.6,0.5,,57,3,SW,20,3,a,,,,,
1735,8/12/2020,33,1,14,2,N,10:26,F,555,10:32,,1.1,63.95433,-160.85193,SN,0.6,0.5,,57,3,SW,20,1,a,Unalakleet,,,,
1755,8/12/2020,33,1,14,3,S,10:40,F,485,10:53,,3.1,63.95433,-160.85193,SN,0.6,0.5,,57,3,SW,20,1,a,Unalakleet,8/16/2020,10:54:30,,
1775,8/12/2020,33,1,14,4,N,10:43,M,508,10:53,,1.1,63.95433,-160.85193,SN,0.6,0.5,,57,3,SW,20,1,a,Unalakleet,,,,
1795,8/12/2020,33,1,14,5,N,10:45,M,486,10:53,,2.1,63.95433,-160.85193,SN,0.6,0.5,,57,3,SW,20,1,a,Unalakleet,8/13/2020,10:39:49,,
1815,8/12/2020,33,1,14,6,S,10:48,F,554,10:54,,3.1,63.95433,-160.85193,SN,0.6,0.5,,57,3,SW,20,1,a,Egavik,8/16/2020,19:49:20,,
1835,8/12/2020,33,1,14,7,N,10:50,M,478,10:57,,3,63.95433,-160.85193,SN,0.6,0.5,,57,3,SW,20,2,a,S,,,,
1855,8/12/2020,33,1,14,8,N,10:51,M,536,10:59,,2.1,63.95433,-160.85193,SN,0.6,0.5,,57,3,SW,20,1,a,Unalakleet,8/13/2020,2:13:31,,
1875,8/12/2020,33,1,14,9,N,11:02,M,530,11:13,,2.1,63.95433,-160.85193,SN,0.6,0.5,,57,3,SW,20,1,a,Unalakleet,8/13/2020,21:04:37,,
1895,8/12/2020,33,1,14,10,N,11:05,F,516,11:13,,2.1,63.95433,-160.85193,SN,0.6,0.5,,57,3,SW,20,3,a,,,,,
1915,8/12/2020,33,1,15,1,N,11:07,M,524,11:13,,4,63.95433,-160.85193,SN,0.6,0.5,,57,3,SW,20,1,a,Egavik,,,,Entered- 8/18/2020 23:17:55
1935,8/12/2020,33,1,15,2,N,11:17,M,518,11:30,,2.1,63.95433,-160.85193,SN,0.6,0.5,,57,3,SW,20,3,b,6,8/16/2020,,,
1955,8/12/2020,33,1,15,3,S,11:17,F,526,11:30,,1.1,63.95433,-160.85193,SN,0.6,0.5,,57,3,SW,20,1,a,Egavik,8/19/2020,16:35:16,,
1975,8/12/2020,33,1,15,4,S,11:23,M,518,11:30,,2.1,63.95433,-160.85193,SN,0.6,0.5,,57,3,SW,20,1,a,Unalakleet,,,,
1995,8/12/2020,33,1,15,5,N,11:25,M,553,11:33,,4,63.95433,-160.85193,SN,0.6,0.5,,57,3,SW,20,1,a,Unalakleet,8/13/2020,6:55:50,,
2015,8/12/2020,33,1,15,6,S,11:27,M,519,11:36,,1.1,63.95433,-160.85193,SN,0.6,0.5,,57,3,SW,20,1,a,Unalakleet,8/13/2020,11:52:23,,
2035,8/12/2020,33,1,15,7,S,11:29,M,578,11:38,,7,64.02222,-160.88222,SN,0.6,0.5,,57,3,SW,20,2,a,S,,,,Sockeye
2055,8/12/2020,33,1,15,8,S,11:45,M,543,11:52,,2.1,63.95433,-160.85193,SN,0.6,0.5,,57,3,SW,20,2,a,S,,,,
2075,8/12/2020,33,1,15,9,S,11:47,F,545,11:51,,2.1,63.95433,-160.85193,SN,0.6,0.5,,57,3,SW,20,3,a,,,,,
2095,8/12/2020,33,1,15,10,N,11:48,M,545,11:55,,2.1,63.95433,-160.85193,SN,0.6,0.5,,57,3,SW,20,3,a,,,,,
2115,8/12/2020,33,1,16,2,N,11:48,M,502,12:02,,2.1,63.95433,-160.85193,SN,0.6,0.5,,57,3,SW,20,1,a,Unalakleet,8/12/2020,23:50:17,,
2135,8/12/2020,33,1,16,1,N,11:50,F,491,12:02,,2.1,63.95433,-160.85193,SN,0.6,0.5,,57,3,SW,20,1,a,Unalakleet,8/15/2020,15:26:08,,
2155,8/12/2020,33,1,16,3,N,11:50,M,561,12:03,,3.1,63.95433,-160.85193,SN,0.6,0.5,,57,3,SW,20,1,a,Unalakleet,8/13/2021,5:51:39,,
2175,8/12/2020,33,1,16,4,N,11:56,M,499,12:05,,2.1,63.95433,-160.85193,SN,0.6,0.5,,57,3,SW,20,1,a,Golsovia,8/15/2020,2:24:07,,
2195,8/12/2020,33,1,16,5,S,11:58,F,575,12:07,,3.1,63.95433,-160.85193,SN,0.6,0.5,,57,3,SW,20,2,a,,,,,
2215,8/12/2020,33,1,16,6,N,11:58,M,555,12:10,,3.1,63.95433,-160.85193,SN,0.6,0.5,,57,3,SW,20,1,a,Egavik,8/17/2020,18:47:05,,
2235,8/12/2020,33,1,16,7,S,11:59,F,503,12:13,,3,63.95433,-160.85193,SN,0.6,0.5,,57,3,SW,20,1,a,Unalakleet,8/13/2020,18:12:09,,
2255,8/12/2020,33,1,16,8,N,12:16,M,564,12:24,,7,64.02222,-160.88222,SN,0.6,0.5,,57,3,SW,20,3,a,,,,,Chinook
2275,8/12/2020,33,1,16,9,N,12:18,F,542,12:24,,2.1,63.95433,-160.85193,SN,0.6,0.5,,57,3,SW,20,3,a,,,,,
2295,8/12/2020,33,1,16,10,N,12:19,M,513,12:52,,2.1,63.95433,-160.85193,SN,0.6,0.5,,57,4,N,15,3,b,5,8/29/2020,,5 1/2,"Entered Shaktoolik 8/21 23:22, left 8/28, 8:32"
2315,8/12/2020,33,1,17,1,S,12:19,F,518,12:28,,2.1,63.95433,-160.85193,SN,0.6,0.5,,57,4,N,15,1,b,Unalakleet,8/14/2020,,5 3/4,
2335,8/12/2020,33,1,17,2,N,12:19,F,509,12:30,,2.1,63.95433,-160.85193,SN,0.6,0.5,,57,4,N,15,1,b,Unalakleet,8/26/2020,,RR,"Entered Egavik 8/21 19:30, left 8/24 19:14"
2355,8/12/2020,33,1,17,3,N,12:35,F,568,12:42,,2.1,63.95433,-160.85193,SN,0.6,0.5,,57,4,N,15,1,a,Unalakleet,,,,Recaptured 8-26 with RR
2375,8/12/2020,33,1,17,4,S,12:44,F,532,12:48,,1.1,63.95433,-160.85193,SN,0.6,0.5,,57,4,N,15,1,a,Unalakleet,8/13/2020,14:41:49,,
2395,8/12/2020,33,1,17,5,N,12:46,M,495,12:50,,2.1,63.95433,-160.85193,SN,0.6,0.5,,57,4,N,15,1,a,Unalakleet,8/17/2020,15:13:58,,
2415,8/17/2020,34,1,18,1,S,13:37,M,510,13:43,,1.1,63.95427,-160.85330,SN,1.3,1,72,58,15,SE,0,1,a,Shaktoolik,,,,"Entered Shaktoolik 8/30, left 9/8"
2435,8/17/2020,34,1,18,2,N,13:48,M,565,13:53,,4,63.95427,-160.85330,SN,1.3,1,72,58,15,SE,0,3,b,6,8/19/2020,,5 3/4,
2455,8/17/2020,34,1,18,3,N,13:57,M,567,14:06,,2.1,63.95427,-160.85330,SN,1.3,1,72,58,15,SE,0,2,a,S,,,,
2475,8/17/2020,34,1,18,4,N,13:59,M,564,14:06,,2.1,63.95427,-160.85330,SN,1.3,1,72,58,15,SE,0,1,b,Egavik,8/18/2020,,RR,
2495,8/17/2020,34,1,18,5,N,13:59,F,528,14:09,,3,63.95427,-160.85330,SN,1.3,1,72,58,15,SE,0,1,a,Unalakleet,,,,
2515,8/17/2020,34,1,18,6,S,14:02,F,527,14:11,,2.1,63.95427,-160.85330,SN,1.3,1,72,58,15,SE,0,1,a,Unalakleet,8/18/2020,18:51:30,,
2535,8/17/2020,34,1,18,7,N,14:02,M,594,14:13,,2.1,63.95427,-160.85330,SN,1.3,1,72,58,15,SE,0,2,a,S,,,,
2555,8/17/2020,34,1,18,8,N,14:03,F,530,14:15,,1.1,63.95427,-160.85330,SN,1.3,1,72,58,15,SE,0,1,a,Unalakleet,8/19/2020,16:32:17,,
2575,8/17/2020,34,1,18,9,N,14:18,F,548,14:25,,3.1,63.95427,-160.85330,SN,1.3,1,72,58,15,SE,0,1,a,Unalakleet,,,,"Entered Unalakleet 8/18, left 8/26"
2595,8/17/2020,34,1,18,10,N,14:18,M,553,14:25,,3.1,63.95427,-160.85330,SN,1.3,1,72,58,15,SE,0,3,a,,,,,
2615,8/17/2020,34,1,19,1,N,14:20,F,563,14:28,,3.1,63.95427,-160.85330,SN,1.3,1,72,58,15,SE,0,1,a,Unalakleet,8/19/2020,10:01:22,,
2635,8/17/2020,34,1,19,2,N,14:21,F,539,14:31,,1.1,63.95427,-160.85330,SN,1.3,1,72,58,15,SE,0,3,a,,,,,
2655,8/17/2020,34,1,19,3,N,14:21,F,561,14:33,,1.1,63.95427,-160.85330,SN,1.3,1,72,58,15,SE,0,3,a,,,,,
2675,8/17/2020,34,1,19,4,S,14:47,F,559,14:54,,1.1,63.95427,-160.85330,SN,1.3,1,72,58,15,SE,0,1,b,Unalakleet,8/26/2020,21:00:00,RR,
2695,8/17/2020,34,1,19,5,S,14:52,M,491,14:54,,2.1,63.95427,-160.85330,SN,1.3,1,72,58,15,SE,0,1,a,Unalakleet,,,,
2715,8/17/2020,34,1,19,6,S,14:57,M,528,15:03,,2.1,63.95427,-160.85330,SN,1.3,1,72,58,15,SE,0,1,a,Unalakleet,,,,
2735,8/17/2020,34,1,19,7,N,14:58,M,539,15:04,,2.1,63.95427,-160.85330,SN,1.3,1,72,58,15,SE,0,1,a,Unalakleet,,,,
2755,8/17/2020,34,1,19,8,N,14:58,F,578,15:05,,2.1,63.95427,-160.85330,SN,1.3,1,72,58,15,SE,0,3,a,,,,,
2775,8/17/2020,34,1,19,9,S,15:15,M,549,15:19,,1.1,63.95427,-160.85330,SN,1.3,1,72,58,15,SE,0,1,a,Unalakleet,,,,
2795,8/17/2020,34,1,19,10,S,15:28,F,548,15:32,,2.1,63.95427,-160.85330,SN,1.3,1,72,58,15,SE,0,1,a,Unalakleet,,,,
2815,8/17/2020,34,1,20,1,N,15:29,F,539,15:34,,2.1,63.95427,-160.85330,SN,1.3,1,72,58,15,SE,0,1,b,Unalakleet,8/22/2020,20:30:00,RR,
2835,8/18/2020,34,1,21,1,N,11:07,M,573,11:15,,2.1,63.95477,-160.85222,5/8,1.9,1.6,62,58,2,SE,0,2,a,S,,,,
2855,8/18/2020,34,1,21,2,N,11:10,F,468,11:15,,1.1,63.95477,-160.85222,5/8,1.9,1.6,62,58,2,SE,0,1,a,Unalakleet,,,,
2875,8/18/2020,34,1,21,3,N,11:17,F,478,11:25,,3.1,63.95477,-160.85222,5/8,1.9,1.6,62,58,2,SE,0,3,a,,,,,
2895,8/18/2020,34,1,21,4,N,11:18,M,529,11:25,,2.1,63.95477,-160.85222,5/8,1.9,1.6,62,58,2,SE,0,2,a,S,,,,
2915,8/18/2020,34,1,21,5,N,11:18,M,561,11:25,,2.1,63.95477,-160.85222,5/8,1.9,1.6,62,58,2,SE,0,1,a,Unalakleet,,,,
2935,8/18/2020,34,1,21,6,N,11:20,M,554,11:27,,3.1,63.95477,-160.85222,5/8,1.9,1.6,62,58,2,SE,0,1,a,Unalakleet,,,,
2955,8/18/2020,34,1,21,7,N,11:29,F,503,11:35,,2.1,63.95477,-160.85222,5/8,1.9,1.6,62,58,2,SE,0,1,a,Unalakleet,8/19/2020,14:55:59,,
2975,8/18/2020,34,1,21,8,N,11:29,M,553,11:35,,3,63.95477,-160.85222,5/8,1.9,1.6,62,58,2,SE,0,1,a,Unalakleet,,,,
2995,8/18/2020,34,1,21,9,S,11:30,F,547,11:35,,3,63.95477,-160.85222,5/8,1.9,1.6,62,58,2,SE,0,1,a,Egavik,8/21/2020,20:47:43,,
3015,8/18/2020,34,1,21,10,N,11:39,F,571,11:45,,2.1,63.95477,-160.85222,5/8,1.9,1.6,62,58,2,SE,0,3,b,6,8/29/2020,,5 1/2,
3035,8/18/2020,34,1,22,1,N,11:39,F,543,11:46,,1.1,63.95477,-160.85222,5/8,1.9,1.6,62,58,2,SE,0,3,a,,,,,
3055,8/18/2020,34,1,22,2,N,11:50,M,531,12:01,,2.1,63.95477,-160.85222,5/8,1.9,1.6,62,58,2,SE,0,3,a,,,,,
3075,8/18/2020,34,1,22,3,N,11:51,F,566,12:01,,2.1,63.95477,-160.85222,5/8,1.9,1.6,62,58,2,SE,0,1,a,Unalakleet,8/19/2020,20:03:50,,
3095,8/18/2020,34,1,22,4,S,11:53,M,557,12:01,,2.1,63.95477,-160.85222,5/8,1.9,1.6,62,58,2,SE,0,3,a,,,,,
3115,8/18/2020,34,1,22,5,S,11:56,M,544,12:02,,2.1,63.95477,-160.85222,5/8,1.9,1.6,62,58,2,SE,0,1,a,Egavik,8/22/2020,21:40:34,,
3135,8/18/2020,34,1,22,6,N,12:06,M,551,12:16,,1.1,63.95477,-160.85222,5/8,1.9,1.6,62,58,2,SE,0,3,a,,,,,
3155,8/18/2020,34,1,22,7,N,12:10,M,525,12:16,,3,63.95477,-160.85222,5/8,1.9,1.6,62,58,2,SE,0,3,a,,,,,
3175,8/18/2020,34,1,22,8,S,12:12,M,526,12:16,,1.1,63.95477,-160.85222,5/8,1.9,1.6,62,58,2,SE,0,1,a,Unalakleet,,,,
3195,8/18/2020,34,1,22,9,N,12:20,F,569,12:28,,2.1,63.95477,-160.85222,5/8,1.9,1.6,62,58,2,SE,0,3,a,,,,,
3215,8/24/2020,35,1,23,1,N,10:54,M,558,11:01,,1.1,63.95417,-160.85283,5/8,0.5,0.3,58,57,5,S,90,1,a,Unalakleet,8/25/2020,21:10:09,,
3235,8/24/2020,35,1,23,2,N,10:56,M,530,11:01,,3,63.95417,-160.85283,5/8,0.5,0.3,58,57,5,S,90,3,b,6,8/24/2020,,5 7/8,
3255,8/24/2020,35,1,23,3,N,10:56,F,527,11:04,,2.1,63.95417,-160.85283,5/8,0.5,0.3,58,57,5,S,90,3,a,,,,,
3275,8/24/2020,35,1,23,4,N,11:12,M,494,11:16,,1.1,63.95417,-160.85283,5/8,0.5,0.3,58,57,5,S,90,3,b,6,9/2/2020,,GN,
3295,8/24/2020,35,1,23,5,N,11:20,M,573,11:27,,2.1,63.95417,-160.85283,5/8,0.5,0.3,58,57,5,S,90,3,a,,,,,
3315,8/24/2020,35,1,23,6,N,11:23,F,588,11:28,,2.1,63.95417,-160.85283,5/8,0.5,0.3,58,57,5,S,90,3,a,,,,,
3335,8/24/2020,35,1,23,7,S,12:19,M,504,12:23,,2.1,63.95417,-160.85283,5/8,0.5,0.3,58,57,5,S,90,1,a,Unalakleet,8/24/2020,22:08:27,,
3355,8/24/2020,35,1,23,8,N,13:10,M,551,13:15,,1.1,63.95417,-160.85283,5/8,0.5,0.3,58,57,5,S,90,3,a,,,,,
3375,8/24/2020,35,1,23,9,N,13:11,M,554,13:16,,1.1,63.95417,-160.85283,5/8,0.5,0.3,58,57,5,S,90,2,a,S,,,,
3395,8/24/2020,35,1,23,10,S,13:28,F,512,13:31,,3,63.95417,-160.85283,5/8,0.5,0.3,58,57,5,S,90,1,a,Unalakleet,8/24/2020,21:38:32,,
3415,8/24/2020,35,1,24,1,,14:29,F,525,14:39,,2.1,63.95417,-160.85283,5/8,0.5,0.3,58,57,5,S,90,3,a,,,,,
3435,8/24/2020,35,1,24,2,S,14:29,M,584,14:39,,3,63.95417,-160.85283,5/8,0.5,0.3,58,57,5,S,90,3,a,,,,,
3455,8/24/2020,35,1,24,3,N,14:30,M,503,14:39,,3.1,63.95417,-160.85283,5/8,0.5,0.3,58,57,5,S,90,3,a,,,,,
3475,8/24/2020,35,1,24,4,S,14:34,M,528,14:42,,2.1,63.95417,-160.85283,5/8,0.5,0.3,58,57,5,S,90,1,a,Unalakleet,,,,
3495,8/24/2020,35,1,24,5,S,14:34,M,546,14:45,,3,63.95417,-160.85283,5/8,0.5,0.3,58,57,5,S,90,1,a,Unalakleet,8/25/2020,10:57:22,,
3515,8/24/2020,35,1,24,6,S,15:07,M,503,15:11,,1.1,63.95417,-160.85283,5/8,0.5,0.3,58,57,5,S,90,1,a,Unalakleet,8/25/2020,18:08:35,,
3535,8/25/2020,35,1,25,1,S,13:52,F,550,13:58,,2.1,63.95455,-160.85202,5/8,1.25,1,63,57,5,S,50,1,a,Unalakleet,8/25/2020,23:29:30,,
3555,8/25/2020,35,1,25,2,S,13:54,M,522,13:59,,1.1,63.95455,-160.85202,5/8,1.25,1,63,57,5,S,50,3,a,,,,,
3575,8/25/2020,35,1,25,3,N,13:56,M,516,14:02,,2.1,63.95455,-160.85202,5/8,1.25,1,63,57,5,S,50,3,a,,,,,
3595,8/25/2020,35,1,25,4,S,14:07,M,584,14:10,,1.1,63.95455,-160.85202,5/8,1.25,1,63,57,5,S,50,1,a,Unalakleet,8/25/2020,22:23:08,,
3615,8/25/2020,35,1,25,5,S,14:12,M,497,14:15,,1.1,63.95455,-160.85202,5/8,1.25,1,63,57,5,S,50,1,a,Unalakleet,,,,
3635,8/25/2020,35,1,25,6,N,14:21,M,574,14:25,,7,64.02583,-160.88361,5/8,1.25,1,63,57,5,S,50,1,a,Unalakleet,,,,Sockeye
3655,8/25/2020,35,1,25,7,S,14:40,M,561,14:46,,1.1,63.95455,-160.85202,5/8,1.25,1,63,57,5,S,50,1,a,Unalakleet,,,,
3675,8/25/2020,35,1,25,8,S,14:42,F,555,14:46,,1.1,63.95455,-160.85202,5/8,1.25,1,63,57,5,S,50,3,a,,,,,
3695,8/25/2020,35,1,25,9,N,15:00,F,579,15:03,,2.1,63.95455,-160.85202,5/8,1.25,1,63,57,5,S,50,1,a,Unalakleet,8/26/2020,15:27:57,,
3715,8/25/2020,35,1,25,10,S,15:38,M,522,15:41,,1.1,63.95455,-160.85202,5/8,1.25,1,63,57,5,S,50,1,a,Egavik,9/3/2020,22:50:57,,
3735,8/25/2020,35,1,26,1,N,15:39,F,550,15:43,,1.1,63.95455,-160.85202,5/8,1.25,1,63,57,5,S,50,1,a,Egavik,9/5/2020,23:44:52,,
3755,8/25/2020,35,1,26,2,N,15:51,M,558,15:58,,1.1,63.95455,-160.85202,5/8,1.25,1,63,57,5,S,50,3,a,,,,,
3775,8/25/2020,35,1,26,3,N,15:54,F,559,15:58,,2.1,63.95455,-160.85202,5/8,1.25,1,63,57,5,S,50,3,a,,,,,
3795,8/25/2020,35,1,26,4,S,15:55,F,533,15:58,,2.1,63.95455,-160.85202,5/8,1.25,1,63,57,5,S,50,1,a,Unalakleet,,,,
3815,8/25/2020,35,1,26,5,N,16:01,M,558,15:04,3815 and 3915 were confused - not sure which ended up on which fish,2.1,63.95455,-160.85202,5/8,1.25,1,63,57,5,S,50,3,a,,,,,
3835,8/25/2020,35,1,26,7,N,16:10,M,562,15:16,,1.1,63.95455,-160.85202,5/8,1.25,1,63,57,5,S,50,3,a,,,,,
3855,8/25/2020,35,1,26,8,S,16:18,M,558,15:22,,4,63.95455,-160.85202,5/8,1.25,1,63,57,5,S,50,1,a,Unalakleet,8/26/2020,9:32:22,,
3875,8/25/2020,35,1,26,9,N,16:19,M,486,15:22,,1.1,63.95455,-160.85202,5/8,1.25,1,63,57,5,S,50,1,b,Unalakleet,8/28/2020,,5 1/2,
3895,8/25/2020,35,1,26,10,N,16:29,M,552,16:37,,1.1,63.95455,-160.85202,5/8,1.25,1,63,57,5,S,50,1,a,Unalakleet,8/26/2020,22:25:58,,
3915,8/25/2020,35,1,26,6,S,16:09,F,564,15:16,3815 and 3915 were confused - not sure which ended up on which fish,3.1,63.95455,-160.85202,5/8,1.25,1,63,57,5,S,50,1,a,Unalakleet,8/27/2020,9:00:00,,
3935,8/25/2020,35,1,27,1,N,16:30,M,493,16:37,,2.1,63.95455,-160.85202,5/8,1.25,1,63,57,5,S,50,1,a,Unalakleet,8/26/2020,9:33:19,,
3955,8/25/2020,35,1,27,2,N,16:32,F,536,16:38,,2.1,63.95455,-160.85202,5/8,1.25,1,63,57,5,S,50,3,a,,,,,
3975,8/25/2020,35,1,27,3,S,16:33,M,564,16:39,,1.1,63.95455,-160.85202,5/8,1.25,1,63,57,5,S,50,1,a,Unalakleet,,,,
3995,8/25/2020,35,1,27,4,N,16:35,M,569,16:41,,2.1,63.95455,-160.85202,5/8,1.25,1,63,57,5,S,50,2,a,S,,,,
4015,7/31/2020,31,2,1,1,S,10:20,M,533,10:30,Missing 1 scale,2.1,64.30035,-161.10313,7/8,0.5,0.25,,58,5,S,100,1,a,Unalakleet,8/5/2020,17:20:47,,
4035,7/31/2020,31,2,1,2,S,10:21,M,464,10:30,Missing 1 scale,2.1,64.30035,-161.10313,7/8,0.5,0.25,,58,5,S,100,1,a,Unalakleet,,,,"Entered Unalakleet on 8/4, left on 8/13"
4055,7/31/2020,31,2,1,3,S,11:13,M,569,11:20,,1.1,64.30035,-161.10313,7/8,0.5,0.25,,58,5,S,100,4,,,,,,
4075,7/31/2020,31,2,2,1,S,13:00,M,561,,,2.1,64.27227,-160.04572,7/8,0.5,0.25,,58,5,S,100,1,a,Shaktoolik,8/5/2020,1:53:42,,
4095,7/31/2020,31,2,2,2,S,14:32,M,573,14:42,,7,64.31847,-161.13440,7/8,0.25,0.1,,57,5,SW,100,4,,,,,,Chinook
4115,7/31/2020,31,2,2,3,N,15:56,M,482,,,7,64.31847,-161.13440,7/8,0.25,0.1,,57,5,SW,100,3,b,6,8/2/2020,8:00:00,5 7/8,Chinook
4135,7/31/2020,31,2,3,1,N,20:51,F,491,20:54,,3,64.30087,-161.16278,7/8,1,0.7,,57,2,N,100,1,a,Unalakleet,8/13/2020,14:16:02,,"Entered Egavik 8/10 17:47, left 8/11 19:37"
4155,8/1/2020,32,2,3,2,S,12:24,F,549,12:30,,2.1,64.27188,-161.04538,7/8,1,0.75,,57,20,NE,25,1,a,Unalakleet,8/6/2020,8:14:50,,
4175,8/5/2020,32,2,4,1,N,10:05,M,522,10:12,,2.1,64.20107,-160.95113,7/8,1,0.75,51,54,,,85,2,a,S,,,,
4195,8/5/2020,32,2,4,2,S,10:30,F,554,10:35,,2.1,64.20107,-160.95113,7/8,1,0.75,51,54,,,85,1,b,Unalakleet,8/13/2020,,5 7/8,
4215,8/5/2020,32,2,4,3,N,12:15,M,502,12:21,,2.1,64.24340,-160.99139,7/8,1,0.75,58,53,5,N,75,1,a,Shaktoolik,,,,"Entered Shaktoolik on 8/11, left 9/4"
4235,8/5/2020,32,2,4,4,N,12:33,M,564,12:37,,2.1,64.24340,-160.99139,7/8,1,0.75,58,53,5,N,75,2,a,,,,,
4255,8/5/2020,32,2,4,5,N,13:32,M,579,,,1.1,64.27306,-161.04833,SN,1,0.75,,58,,,90,1,a,Unalakleet,8/12/2020,18:09:20,,Recaptured 8-15 with subsistence net
4275,8/5/2020,32,2,4,6,S,14:55,F,505,15:00,,2.1,64.18247,-160.95675,5/8,1.5,1.25,,59,,,50,1,a,Unalakleet,8/7/2020,22:44:48,,
4295,8/6/2020,32,2,5,1,S,8:48,M,509,8:53,,3.1,64.30087,-161.16278,5/8,1.5,1.25,54,56,5,SE,100,1,a,Unalakleet,8/8/2020,20:35:42,,
4315,8/6/2020,32,2,5,2,S,9:06,F,521,9:11,,2.1,64.30087,-161.16278,5/8,1.5,1.25,54,56,5,SE,100,1,a,Unalakleet,8/8/2020,12:43:19,,
4335,8/6/2020,32,2,5,3,S,9:45,F,576,9:50,,3,64.30087,-161.16278,5/8,1.5,1.25,54,56,5,SE,100,1,a,Unalakleet,8/10/2020,1:51:38,,Found on river bank 9/3/20
4355,8/7/2020,32,2,6,1,S,9:25,M,602,9:30,,3,64.31800,-161.13549,5/8,1.2,0.8,57,57,10,S,100,2,a,S,,,,
4375,8/7/2020,32,2,6,2,S,10:20,M,503,10:30,,2.1,64.28751,-161.07744,SN,1.5,1.3,57,57,5,S,75,1,a,Unalakleet,8/10/2020,22:53:36,,
4395,8/7/2020,32,2,6,3,S,10:21,M,552,10:30,,2.1,64.28751,-161.07744,SN,1.5,1.3,57,57,5,S,75,3,a,,,,,Found at boat launch 8-28
4415,8/7/2020,32,2,6,4,N,12:57,M,486,13:08,Missing 1 scale,1.1,64.20131,-160.95188,SN,2.5,2,57,57,1,S,90,1,a,Egavik,8/16/2020,6:32:16,,
4435,8/7/2020,32,2,6,5,N,13:30,M,501,13:35,,1.1,64.20131,-160.95188,SN,2.5,2,57,57,1,S,90,1,a,Unalakleet,,,,
4455,8/7/2020,32,2,6,6,S,14:05,F,568,1410,,3,64.20131,-160.95188,7/8,2.5,2,57,57,1,S,90,3,a,,,,,
4475,8/7/2020,32,2,6,7,S,14:05,M,549,14:10,,3.1,64.20131,-160.95188,7/8,2.5,2,57,57,1,S,90,1,a,Unalakleet,8/10/2020,10:33:24,,Recaptured inriver 8/17/20 on RR
4495,8/7/2020,32,2,6,8,S,14:20,M,515,14:25,,1.1,64.20131,-160.95188,7/8,2.5,2,57,57,1,S,90,1,a,Egavik,8/11/2020,0:21:40,,
4515,8/7/2020,32,2,6,9,S,15:05,M,511,15:15,Needed rehab,3,64.20131,-160.95188,7/8,2.5,2,57,57,1,S,90,1,a,Unalakleet,8/11/2020,14:49:50,,
4535,8/10/2020,33,2,7,1,S,9:23,F,558,9:28,,2.1,64.28699,-161.07575,5/8,0.9,0.6,51,58,1,,75,1,a,Unalakleet,8/13/2020,22:55:58,,
4555,8/10/2020,33,2,7,2,S,9:52,M,484,10:00,bleeding,2.1,64.28699,-161.07575,5/8,0.9,0.6,51,58,1,,75,1,a,Unalakleet,8/26/2020,19:33:00,,"Entered Shaktoolik on 8/14 6:48, left 8/25 1:58"
4575,8/10/2020,33,2,7,3,S,10:10,M,558,10:15,,2.1,64.28699,-161.07575,5/8,0.9,0.6,51,58,1,,75,1,a,Unalakleet,8/13/2020,22:12:17,,Recaptured inriver 8/16/20 on RR
4595,8/10/2020,33,2,7,4,N,11:08,M,542,,,2.1,64.28699,-161.07575,5/8,0.9,0.6,51,58,1,,75,1,a,Unalakleet,,,,
4615,8/10/2020,33,2,7,5,N,12:14,F,544,12:19,,1.1,64.13200,-160.95424,7/8,1.5,1.25,62,58,1,S,25,1,a,Unalakleet,8/13/2020,0:47:51,,
4635,8/10/2020,33,2,7,6,N,12:26,M,535,12:30,,2.1,64.13200,-160.95424,7/8,1.5,1.25,62,58,1,S,25,1,a,Shaktoolik,8/12/2020,10:45:21,,
4655,8/10/2020,33,2,7,7,N,12:29,M,485,12:33,,1.1,64.13200,-160.95424,7/8,1.5,1.25,62,58,1,S,25,1,a,Unalakleet,8/13/2020,13:21:49,,
4675,8/10/2020,33,2,7,8,S,12:36,M,525,12:42,,2.1,64.13200,-160.95424,7/8,1.5,1.25,62,58,1,S,25,1,a,Egavik,8/17/2020,21:59:54,,
4695,8/10/2020,33,2,7,9,S,13:40,M,546,13:43,,2.1,64.18195,-160.95771,SN,1.5,1.25,,58,1,,,1,b,Egavik,8/11/2020,,RR,
4715,8/10/2020,33,2,7,10,S,13:42,F,533,13:49,GASH,2.1,64.18195,-160.95771,SN,1.5,1.25,,58,1,,,3,a,,,,,
4735,8/10/2020,33,2,8,1,S,14:00,M,554,14:03,,3,64.18195,-160.95771,SN,1.5,1.25,,58,1,,,1,a,Egavik,8/12/2020,23:07:28,,
4755,8/10/2020,33,2,8,2,S,14:01,M,521,14:04,,3,64.18195,-160.95771,SN,1.5,1.25,,58,1,,,1,a,Unalakleet,8/12/2020,9:36:45,,
4775,8/10/2020,33,2,8,3,N,14:02,M,579,14:06,,2.1,64.18195,-160.95771,SN,1.5,1.25,,58,1,,,1,a,Egavik,8/12/2020,22:37:00,,
4795,8/10/2020,33,2,8,4,S,14:40,M,499,14:56,,2.1,64.18195,-160.95771,7/8,1.5,1.25,,58,1,,,1,a,Unalakleet,8/11/2020,14:40:09,,
4815,8/10/2020,33,2,8,5,S,14:41,M,535,14:56,,2.1,64.18195,-160.95771,7/8,1.5,1.25,,58,1,,,1,a,Unalakleet,8/13/2020,2:12:45,,
4835,8/10/2020,33,2,8,6,N,14:50,M,563,14:57,,2.1,64.18195,-160.95771,7/8,1.5,1.25,,58,1,,,1,b,Unalakleet,8/14/2020,,5 3/4,
4855,8/10/2020,33,2,8,7,N,14:57,M,488,14:57,,2.1,64.18195,-160.95771,7/8,1.5,1.25,,58,1,,,4,,,,,,
4875,8/10/2020,33,2,8,8,N,15:22,M,505,15:27,,3,64.18195,-160.95771,7/8,1.5,1.25,,58,1,,,1,a,Unalakleet,,,,
4895,8/11/2020,33,2,9,1,N,9:27,M,561,9:42,,2.1,64.18224,-160.95687,7/8,,,52,58,,,,1,a,Unalakleet,,,,
4915,8/11/2020,33,2,9,2,S,9:30,F,548,9:42,,7,64.18224,-160.95687,5/8,,,52,58,,,,3,a,,,,,Sockeye 
4935,8/11/2020,33,2,9,3,S,9:30,M,550,9:42,,2.1,64.18224,-160.95687,5/8,,,52,58,,,,1,b,Unalakleet,8-15,,5 3/4,
4955,8/11/2020,33,2,9,4,S,9:31,M,569,9:42,,2.1,64.18224,-160.95687,5/8,,,52,58,,,,1,a,Unalakleet,8/17/2020,6:35:53,,
4975,8/11/2020,33,2,9,5,S,9:40,M,537,9:56,,7,64.18224,-160.95687,5/8,,,52,58,,,,3,a,,,,,Chinook 
4995,8/11/2020,33,2,9,6,S,9:41,M,545,9:56,,2.1,64.18224,-160.95687,5/8,,,52,58,,,,1,a,Unalakleet,8/16/2020,16:03:17,,"Entered Egavik 8/16 16:00, left 8/17 12:13"
5015,8/11/2020,33,2,9,7,S,10:00,F,519,10:13,,2.1,64.18224,-160.95687,7/8,,,52,58,,,,3,a,,,,,
5035,8/11/2020,33,2,9,8,S,10:01,M,510,10:13,,1.1,64.18224,-160.95687,5/8,,,52,58,,,,1,a,Unalakleet,8/14/2020,16:17:08,,
5055,8/11/2020,33,2,9,9,S,10:03,M,522,10:14,,2.1,64.18224,-160.95687,5/8,,,52,58,,,,1,a,Inglutalik,8/15/2020,11:16:55,,
5075,8/11/2020,33,2,9,10,S,10:05,F,504,10:15,,3,64.18224,-160.95687,5/8,,,52,58,,,,1,a,Unalakleet,8/14/2020,11:05:44,,
5095,8/11/2020,33,2,10,1,S,10:15,F,523,10:25,,1.1,64.18224,-160.95687,7/8,,,52,58,,,,2,a,S,,,,
5115,8/11/2020,33,2,10,2,S,10:16,M,525,10:25,,4,64.18224,-160.95687,7/8,,,52,58,,,,3,a,,,,,"Recaptured in commercial fishery (UNK, below blueberry)"
5135,8/11/2020,33,2,10,3,S,10:17,F,565,10:24,,2.1,64.18224,-160.95687,7/8,,,52,58,,,,3,a,,,,,
5155,8/11/2020,33,2,10,4,N,10:47,F,523,10:56,,1.1,64.18224,-160.95687,5/8,,,52,58,,,,4,,,,,,
5175,8/11/2020,33,2,10,5,S,10:49,M,475,10:57,,1.1,64.18224,-160.95687,7/8,,,52,58,,,,1,a,Unalakleet,8/13/2020,16:10:05,,
5195,8/11/2020,33,2,10,6,S,10:51,M,541,10:58,NA,2.1,64.18224,-160.95687,7/8,,,52,58,,,,1,a,Golsovia,8/16/2020,6:28:43,,pinged in Unalakleet 8/12/20 at 21:07:48
5215,8/11/2020,33,2,10,7,S,11:03,M,584,11:13,,2.1,64.18224,-160.95687,7/8,,,52,58,,,,1,a,Unalakleet,8/22/2020,20:30:00,RR,
5235,8/11/2020,33,2,10,8,S,11:05,F,512,11:13,,1.1,64.18224,-160.95687,7/8,,,52,58,,,,1,a,Unalakleet,8/13/2020,8:07:10,,
5255,8/11/2020,33,2,10,9,N,11:07,M,563,11:15,,2.1,64.18224,-160.95687,7/8,,,52,58,,,,1,b,Unalakleet,8/12/2020,19:00:00,5 3/4,
5275,8/11/2020,33,2,10,10,N,11:07,F,526,11:18,,2.1,64.18224,-160.95687,5/8,,,52,58,,,,1,a,Shaktoolik,,,,"Entered Shaktoolik 8/14, left 8/22"
5295,8/11/2020,33,2,11,1,N,11:08,F,535,11:20,,3,64.18224,-160.95687,5/8,,,52,58,,,,1,a,Egavik,8/18/2020,11:49:22,,
5315,8/11/2020,33,2,11,2,S,11:15,M,512,11:39,,1.1,64.18224,-160.95687,5/8,,,52,58,,,,1,b,Unalakleet,8/13/2020,15:15:00,4 1/2,
5335,8/11/2020,33,2,11,3,S,11:16,M,543,11:42,Seal bite,2.1,64.18224,-160.95687,7/8,,,52,58,,,,1,b,Unalakleet,8/14/2020,9:00,5 7/8,
5355,8/11/2020,33,2,11,4,S,13:40,F,520,13:44,,2.1,64.24019,-160.98668,5/8,1,0.5,62,59,1,,0,3,a,,,,,
5375,8/11/2020,33,2,11,5,N,13:58,F,542,14:05,,2.1,64.24019,-160.98668,5/8,1,0.5,62,59,1,,0,4,,,,,,
5395,8/11/2020,33,2,11,6,S,14:43,F,535,14:44, Abby tagged! (No scales),5,64.24019,-160.98668,7/8,1,0.5,62,59,1,,0,3,a,,,,,
5415,8/11/2020,33,2,11,7,S,14:52,F,545,14:56,,1.1,64.24019,-160.98668,7/8,1,0.5,62,59,1,,0,2,a,S,,,,
5435,8/11/2020,33,2,11,8,N,14:53,M,485,14:57,,2.1,64.24019,-160.98668,7/8,1,0.5,62,59,1,,0,3,a,,,,,
5455,8/11/2020,33,2,11,9,N,15:45,F,554,15:50,,2.1,64.24019,-160.98668,5/8,1,0.5,62,59,1,,0,4,,,,,,
5475,8/12/2020,33,2,12,1,S,9:43,F,520,9:48,GASH,2.1,64.18191,-160.95750,5/8,1.2,1,54,58,1,,75,2,a,S,,,,
5495,8/12/2020,33,2,12,2,N,10:08,M,554,10:16,,2.1,64.18191,-160.95750,7/8,1.2,1,54,58,1,,75,2,a,S,,,,
5515,8/12/2020,33,2,12,3,N,10:09,F,565,10:18,,2.1,64.18191,-160.95750,5/8,1.2,1,54,58,1,,75,3,b,6,8/16/2020,,5 3/4 + 5 7/8,"Commercial recapture on 8/16/20 in 5 3/4 + 5 7/8 net, recheck this! We have a Unalakleet upriver detection"
5535,8/12/2020,33,2,12,4,S,10:10,M,525,,,2.1,64.18191,-160.95750,5/8,1.2,1,54,58,1,,75,1,a,Unalakleet,,,,
5555,8/12/2020,33,2,12,6,N,10:25,M,579,10:30,,2.1,64.18191,-160.95750,5/8,1.2,1,54,58,1,,75,1,a,Unalakleet,8/13/2020,20:16:57,,
5575,8/12/2020,33,2,12,7,N,10:26,M,554,10:31,,2.1,64.18191,-160.95750,5/8,1.2,1,54,58,1,,75,1,a,Unalakleet,,,,
5595,8/12/2020,33,2,12,8,S,10:27,F,585,10:32,,2.1,64.18191,-160.95750,5/8,1.2,1,54,58,1,,75,1,b,Unalakleet,8-15,,5 3/4,
5615,8/12/2020,33,2,12,9,S,10:37,F,481,10:42,,2.1,64.18191,-160.95750,5/8,1.2,1,54,58,1,,75,1,a,Shaktoolik,,,,"Entered Shaktoolik 8/15, left 8/30"
5635,8/12/2020,33,2,12,10,S,10:38,F,566,10:42,Large.,1.1,64.18191,-160.95750,5/8,1.2,1,54,58,1,,75,4,,,,,,
5655,8/12/2020,33,2,13,1,N,10:42,F,513,10:56,Small.,2.1,64.18191,-160.95750,5/8,1.2,1,54,58,1,,75,1,a,Golsovia,8/14/2020,14:27:48,,
5675,8/12/2020,33,2,13,2,S,11:03,F,561,11:10,,2.1,64.18191,-160.95750,7/8,1.2,1,54,58,1,,75,2,a,S,,,,
5695,8/12/2020,33,2,13,3,S,11:05,M,544,11:10,,2.1,64.18191,-160.95750,7/8,1.2,1,54,58,1,,75,3,a,,,,,
5715,8/12/2020,33,2,13,4,S,11:15,F,517,11:27,,2.1,64.18191,-160.95750,7/8,1.2,1,54,58,1,,75,2,a,S,,,,
5735,8/12/2020,33,2,13,5,N,11:19,M,494,11:27,,2.1,64.18191,-160.95750,7/8,1.2,1,54,58,1,,75,1,b,Unalakleet,8/14/2020,9:00:00,5 7/8,
5755,8/12/2020,33,2,13,6,S,11:52,F,554,11:57,,3,64.18191,-160.95750,7/8,1.2,1,54,58,1,,75,1,a,Shaktoolik,,,,
5775,8/12/2020,33,2,13,7,N,12:10,M,464,12:26,Small.,3.1,64.18191,-160.95750,5/8,1.2,1,54,58,1,,75,1,a,Shaktoolik,8/19/2020,18:57:18,,
5795,8/12/2020,33,2,13,8,N,12:14,F,549,12:24,,2.1,64.18191,-160.95750,7/8,1.2,1,54,58,1,,75,1,a,Unalakleet,8/13/2020,20:05:49,,
5815,8/12/2020,33,2,13,9,S,12:29,M,567,12:42,,3,64.18191,-160.95750,7/8,1.2,1,54,58,1,,75,1,a,Unalakleet,,,,
5835,8/12/2020,33,2,13,10,S,12:29,F,535,12:43,,2.1,64.18191,-160.95750,7/8,1.2,1,54,58,1,,75,1,a,Ungalik,8/17/2020,6:52:43,,
5855,8/12/2020,33,2,14,1,N,12:34,F,526,12:43,,2.1,64.18191,-160.95750,7/8,1.2,1,54,58,1,,75,2,a,S,,,,
5875,8/12/2020,33,2,14,2,S,13:11,F,583,13:21,,2.1,64.18191,-160.95750,7/8,1.2,1,54,58,1,,75,2,a,S,,,,
5895,8/12/2020,33,2,14,3,S,13:21,M,494,13:21,Small.,3.1,64.18191,-160.95750,7/8,1.2,1,54,58,1,,75,3,a,,,,,
5915,8/12/2020,33,2,14,4,S,13:30,F,555,13:35,,1.1,64.18191,-160.95750,SN,1.2,1,54,58,1,,75,1,a,Unalakleet,8/15/2020,14:09:31,,
5935,8/12/2020,33,2,14,5,S,13:51,M,469,14:05,,2.1,64.18191,-160.95750,SN,1.2,1,54,58,1,,75,3,a,,,,,
5955,8/12/2020,33,2,14,6,S,13:53,M,520,14:05,,2.1,64.18191,-160.95750,SN,1.2,1,54,58,1,,75,1,a,Unalakleet,,,,
5975,8/12/2020,33,2,14,7,N,13:53,F,524,14:05,,2.1,64.18191,-160.95750,SN,1.2,1,54,58,1,,75,3,a,,,,,
5995,8/12/2020,33,2,14,8,S,13:56,F,549,14:05,,2.1,64.18191,-160.95750,SN,1.2,1,54,58,1,,75,2,a,S,,,,
6015,8/12/2020,33,2,14,9,S,14:12,M,485,14:18,Small.,1.1,64.18191,-160.95750,SN,1.2,1,54,58,1,,75,1,a,Shaktoolik,,,,"Entered Shaktoolik 8/15, left 9/9"
6035,8/12/2020,33,2,14,10,S,14:13,M,576,14:19,,3.1,64.18191,-160.95750,SN,1.2,1,54,58,1,,75,4,,,,,,
6055,8/12/2020,33,2,15,1,S,14:13,M,544,14:18,,2.1,64.18191,-160.95750,SN,1.2,1,54,61,1,,75,1,a,Unalakleet,,,,
6075,8/12/2020,33,2,15,2,S,14:14,F,494,14:19,Small.,1.1,64.18191,-160.95750,SN,1.2,1,54,61,1,,75,1,a,Shaktoolik,8/16/2020,8:07:48,,
6095,8/12/2020,33,2,15,3,S,14:28,F,575,14:33,,3,64.18191,-160.95750,7/8,1.2,1,54,61,1,,75,1,a,Unalakleet,8/14/2020,6:08:39,,
6115,8/12/2020,33,2,15,4,S,14:30,F,515,14:35,,8,64.18191,-160.95750,7/8,1.2,1,54,61,1,,75,1,a,Unalakleet,8/13/2020,17:34:31,,
6135,8/12/2020,33,2,15,5,S,14:52,F,519,15:00,,2.1,64.18191,-160.95750,7/8,1.2,1,54,61,1,,75,1,a,Egavik,8/17/2020,21:37:00,,
6155,8/12/2020,33,2,15,6,S,14:53,M,480,15:00,Small.,3,64.18191,-160.95750,7/8,1.2,1,54,61,1,,75,3,a,,,,,
6175,8/12/2020,33,2,15,7,N,15:05,M,559,15:10,,2.1,64.18191,-160.95750,7/8,1.2,1,54,61,1,,75,1,b,Unalakleet,8/22/2020,17:00:00,5 3/4,
6195,8/13/2020,33,2,16,1,N,9:11,M,520,9:15,,4,64.29974,-161.10029,7/8,1,0.75,56,57,2,W,100,4,,,,,,
6215,8/13/2020,33,2,16,2,N,9:23,F,510,9:32,,2.1,64.29974,-161.10029,5/8,1,0.75,56,57,2,W,100,1,c,Shaktoolik,8/15/2020,,RR,
6235,8/13/2020,33,2,16,3,N,9:23,F,560,9:32,,1.1,64.29974,-161.10029,5/8,1,0.75,56,57,2,W,100,3,b,6,8/16/2020,14:00,5 3/4,
6255,8/13/2020,33,2,16,4,S,9:40,M,553,9:45,Recapture going North.,3,64.29974,-161.10029,5/8,1,0.75,56,57,2,W,100,4,,,,,,
6275,8/13/2020,33,2,16,5,S,9:41,M,556,9:46,,2.1,64.29974,-161.10029,5/8,1,0.75,56,57,2,W,100,1,a,Shaktoolik,8/16/2020,6:15:08,,
6295,8/13/2020,33,2,16,6,N,9:54,F,535,10:00,,2.1,64.29974,-161.10029,5/8,1,0.75,56,57,2,W,100,3,b,6,8/16/2020,,5 3/4 + 5 7/8,
6315,8/13/2020,33,2,16,7,S,9:56,F,568,10:01,,3,64.29974,-161.10029,7/8,1,0.75,56,57,2,W,100,1,a,Shaktoolik,8/15/2020,13:47:50,,
6335,8/13/2020,33,2,16,8,S,10:39,M,581,10:43,,2.1,64.29974,-161.10029,5/8,1,0.75,56,57,2,W,100,2,a,S,,,,
6355,8/13/2020,33,2,16,9,N,10:49,F,556,10:53,,2.1,64.29974,-161.10029,7/8,1,0.75,56,57,2,W,100,3,a,,,,,
6375,8/13/2020,33,2,16,10,S,10:57,F,557,10:59,,2.1,64.29974,-161.10029,5/8,1,0.75,56,57,2,W,100,1,a,Ungalik,8/15/2020,8:23:51,,
6395,8/13/2020,33,2,17,1,S,10:57,F,506,11:03,,1.1,64.29974,-161.10029,5/8,1,0.75,56,57,2,W,100,4,,,,,,
6415,8/17/2020,34,2,18,1,S,11:34,M,509,11:37,,1.1,64.30146,-161.10429,5/8,1.25,1,69,58,12,S,0,2,a,S,,,,
6435,8/17/2020,34,2,18,2,N,11:39,M,571,11:45,,2.1,64.30146,-161.10429,5/8,1.25,1,69,58,12,S,0,4,,,,,,
6455,8/17/2020,34,2,18,3,N,11:58,F,577,12:02,,1.1,64.30146,-161.10429,5/8,1.25,1,69,58,12,S,0,4,,,,,,
6475,8/17/2020,34,2,18,4,N,12:13,F,587,12:16,,3.1,64.30146,-161.10429,5/8,1.25,1,69,58,12,S,0,1,a,Shaktoolik,8/21/2020,8:13:38,,
6495,8/17/2020,34,2,18,5,N,12:13,F,533,12:18,,3,64.30146,-161.10429,5/8,1.25,1,69,58,12,S,0,4,,,,,,
6515,8/17/2020,34,2,18,6,S,13:06,M,545,13:09,,2.1,64.30146,-161.10429,5/8,1.25,1,69,58,12,S,0,3,a,,,,,
6535,8/17/2020,34,2,18,7,S,13:37,M,551,13:42,Reset net,1.1,64.30146,-161.10429,7/8,1.25,1,69,58,1,,0,1,a,Shaktoolik,8/20/2020,23:21:44,seine,Recaptured inriver 8/20/20 with seine at 23:00:00
6555,8/17/2020,34,2,18,8,N,13:45,M,554,13:49,,2.1,64.30146,-161.10429,7/8,1.25,1,69,58,1,,0,1,a,Shaktoolik,8/22/2020,5:29:51,,
6575,8/17/2020,34,2,18,9,N,14:16,F,484,14:23,,1.1,64.30146,-161.10429,7/8,1.25,1,69,58,1,,0,1,a,Unalakleet,8/20/2020,16:34:06,,
6595,8/17/2020,34,2,18,10,S,14:41,F,585,14:48,,2.1,64.30146,-161.10429,7/8,1.25,1,69,58,1,,0,1,a,Shaktoolik,8/21/2020,20:34:40,,
6615,8/17/2020,34,2,19,1,N,15:00,M,512,15:08,,1.1,64.30146,-161.10429,7/8,1.25,1,69,58,1,,0,3,a,,,,,
6635,8/17/2020,34,2,19,2,N,15:00,M,532,15:08,,1.1,64.30146,-161.10429,7/8,1.25,1,69,58,1,,0,2,a,S,,,,
6655,8/17/2020,34,2,19,3,N,15:15,M,503,15:20,,3,64.30146,-161.10429,7/8,1.25,1,69,58,1,,0,1,a,Tagoomenik,8/19/2020,12:04:57,,
6675,8/17/2020,34,2,19,4,N,15:29,F,510,15:33,,3,64.30146,-161.10429,7/8,1.25,1,69,58,1,,0,1,a,Shaktoolik,8/18/2020,21:51:12,,
6695,8/17/2020,34,2,19,5,S,15:49,F,561,15:53,,2.1,64.30146,-161.10429,7/8,1.25,1,69,58,1,,0,1,a,Shaktoolik,8/19/2020,7:56:16,,
6715,8/17/2020,34,2,19,6,S,16:10,F,537,16:15,,2.1,64.30146,-161.10429,7/8,1.25,1,69,58,1,,0,1,a,Shaktoolik,8/21/2020,15:33:56,,
6735,8/17/2020,34,2,19,7,S,16:12,M,598,16:16,Large.,1.1,64.30146,-161.10429,7/8,1.25,1,69,58,1,,0,4,,,,,,
6755,8/18/2020,34,2,20,1,N,13:37,F,489,13:41,,1.1,64.27301,-161.04781,5/8,100,100,64,60,,,,1,a,Unalakleet,,,,
6775,8/18/2020,34,2,20,2,N,13:37,M,584,13:43,Bite mark.,2.1,64.27301,-161.04781,5/8,100,100,64,60,,,,3,a,,,,,
6795,8/18/2020,34,2,20,3,N,13:38,M,565,13:45,,7,64.27301,-161.04781,5/8,100,100,64,60,,,,1,a,Egavik,8/20/2020,5:38:54,,Chinook 
6815,8/18/2020,34,2,20,4,N,14:59,M,552,15:03,,2.1,64.27301,-161.04781,5/8,100,100,64,60,,,,1,a,Unalakleet,8/21/2020,17:03:59,,
6835,8/18/2020,34,2,20,5,N,14:59,F,573,15:05,,1.1,64.27301,-161.04781,5/8,100,100,64,60,,,,3,a,,,,,
6855,8/18/2020,34,2,20,6,N,15:14,F,574,15:20,,3.1,64.27301,-161.04781,7/8,100,100,64,60,,,,4,,,,,,
6875,8/20/2020,34,2,21,1,S,9:27,M,486,9:33,,1.1,64.31762,-161.13248,7/8,0.4,0.2,56,59,5,W,100,1,a,Shaktoolik,8/23/2020,22:20:17,,
6895,8/20/2020,34,2,21,2,S,10:03,M,526,10:15,Spawning colors,3,64.31762,-161.13248,7/8,0.4,0.2,56,59,5,W,100,1,a,Shaktoolik,8/24/2020,19:24:14,,
6915,8/20/2020,34,2,21,3,N,10:37,F,545,10:43,,3,64.31762,-161.13248,7/8,0.4,0.2,56,59,5,W,100,4,,,,,,
6935,8/20/2020,34,2,21,4,N,10:54,F,556,11:00,,2.1,64.31762,-161.13248,7/8,0.4,0.2,56,59,5,W,100,1,a,Shaktoolik,8/22/2020,9:54:53,,
6955,8/20/2020,34,2,21,5,S,10:55,M,509,11:00,Small,1.1,64.31762,-161.13248,7/8,0.4,0.2,56,59,5,W,100,1,a,Unalakleet,8/23/2020,21:10:09,,
6975,8/20/2020,34,2,21,6,N,11:10,M,502,11:15,,1.1,64.31762,-161.13248,7/8,0.4,0.2,56,59,5,W,100,4,,,,,,
6995,8/20/2020,34,2,21,7,N,11:32,M,529,11:36,,2.1,64.31762,-161.13248,7/8,0.4,0.2,56,59,5,W,100,1,a,Unalakleet,8/23/2020,1:59:32,,
7015,8/20/2020,34,2,21,8,S,11:59,M,554,12:05,,2.1,64.31762,-161.13248,7/8,0.4,0.2,56,59,5,W,100,1,a,Unalakleet,8/23/2020,20:42:40,,
7035,8/20/2020,34,2,21,9,S,12:23,M,525,12:26,,3,64.31762,-161.13248,7/8,0.4,0.2,56,59,5,W,100,1,a,Shaktoolik,8/21/2020,12:23:26,,
7055,8/20/2020,34,2,21,10,S,12:36,M,569,12:39,Missing 1 scale,1.1,64.31762,-161.13248,7/8,0.4,0.2,56,59,5,W,100,2,a,S,,,,
7075,8/20/2020,34,2,22,1,N,12:46,F,573,12:49,,3,64.31762,-161.13248,7/8,0.4,0.2,56,59,5,W,100,1,a,Shaktoolik,8/24/2020,14:55:44,,
7095,8/20/2020,34,2,22,2,S,12:58,M,529,13:02,GASH,7,64.31762,-161.13248,7/8,0.4,0.2,56,59,5,W,100,4,,,,,,Sockeye
7115,8/20/2020,34,2,22,3,N,13:08,M,542,13:12,,1.1,64.31762,-161.13248,7/8,0.4,0.2,56,59,5,W,100,1,a,Shaktoolik,8/21/2020,19:18:56,,
7135,8/20/2020,34,2,22,4,N,13:09,M,534,13:15,,1.1,64.31762,-161.13248,7/8,0.4,0.2,56,59,5,W,100,1,a,Unalakleet,,,,
7155,8/20/2020,34,2,22,5,N,14:34,M,520,14:37,,2.1,64.28782,-161.07748,7/8,0.5,0.3,56,60,1,,100,1,a,Shaktoolik,9/10/2020,10:09:52,,
7175,8/20/2020,34,2,22,6,S,14:39,M,524,14:50,,3.1,64.28782,-161.07748,7/8,0.5,0.3,56,60,1,,100,1,a,Shaktoolik,8/22/2020,17:07:46,,
7195,8/20/2020,34,2,22,7,S,14:46,F,558,14:50,Missing 1 scale,3,64.28782,-161.07748,7/8,0.5,0.3,56,60,1,,100,1,a,Shaktoolik,8/23/2020,0:33:14,,
7215,8/24/2020,35,2,23,1,N,14:23,M,654,14:26,,2.1,64.30094,-161.10243,7/8,0.2,0.1,58,58,5,S,,1,a,Unalakleet,8/26/2020,21:23:32,,
7235,8/24/2020,35,2,23,2,N,14:50,M,555,14:54,,3,64.30094,-161.10243,7/8,0.2,0.1,58,58,5,S,,1,a,Egavik,8/28/2020,23:41:35,,
7255,8/24/2020,35,2,23,3,N,15:07,F,546,15:09,,2.1,64.30094,-161.10243,7/8,0.2,0.1,58,58,5,S,,3,a,,,,,
7275,8/24/2020,35,2,23,4,S,16:00,F,517,16:04,,2.1,64.30094,-161.10243,7/8,0.2,0.1,58,58,5,S,,3,a,,,,,
7295,8/24/2020,35,2,23,5,S,16:32,M,544,16:39,,1.1,64.27122,-161.04342,7/8,0.2,0.1,60,59,1,,50,1,a,Shaktoolik,,,,"Entered Shaktoolik 8/28, left 9/5"
7315,8/24/2020,35,2,23,6,S,16:58,F,558,17:02,,1.1,64.27122,-161.04342,7/8,0.2,0.1,60,59,1,,50,3,a,,,,,
7335,8/24/2020,35,2,23,7,S,17:10,F,564,17:15,,1.1,64.27122,-161.04342,7/8,0.2,0.1,60,59,1,,50,1,b,Unalakleet,8/26/2020,,5 7/8,
7355,8/24/2020,35,2,23,8,S,18:03,F,509,18:11,,1.1,64.31762,-161.13248,7/8,0.4,0.2,60,60,1,,25,1,a,Shaktoolik,8/28/2020,19:43:47,,
7375,8/24/2020,35,2,23,9,S,18:05,M,514,18:13,,2.1,64.31762,-161.13248,7/8,0.4,0.2,60,60,1,,25,3,a,,,,,
7395,8/24/2020,35,2,23,10,S,18:35,F,534,18:40,,2.1,64.31762,-161.13248,5/8,0.4,0.2,60,60,1,,25,1,a,Unalakleet,8/26/2020,13:50:48,,Recaptured in Unalakleet River 8/28/2020 at 18:00:00 on RR
7415,8/24/2020,35,2,24,1,N,18:50,M,564,18:56,,2.1,64.31762,-161.13248,7/8,0.4,0.2,60,60,1,,25,1,a,Egavik,9/3/2020,8:55:40,,
7435,8/25/2020,35,2,25,1,S,9:30,F,571,9:34,,3,64.18224,-160.95758,5/8,1.5,1,54,58,1,,100,1,b,Unalakleet,8/26/2020,,5 7/8,
7455,8/25/2020,35,2,25,2,S,9:52,M,543,9:59,,7,64.18224,-160.95758,5/8,1.5,1,54,58,1,,100,1,a,Shaktoolik,9/5/2020,22:12:00,,Sockeye
7475,8/25/2020,35,2,25,3,S,10:02,F,575,10:07,,3,64.18224,-160.95758,7/8,1.5,1,54,58,1,,100,1,a,Unalakleet,8/26/2020,17:31:44,,
7495,8/25/2020,35,2,25,4,S,10:09,F,564,10:18,,1.1,64.18224,-160.95758,5/8,1.5,1,54,58,1,,100,3,a,,,,,
7515,8/25/2020,35,2,25,5,S,10:12,F,536,10:20,,1.1,64.18224,-160.95758,5/8,1.5,1,54,58,1,,100,3,a,,,,,
7535,8/25/2020,35,2,25,6,N,10:13,F,624,10:21,Big.,2.1,64.18224,-160.95758,5/8,1.5,1,54,58,1,,100,3,a,,,,,
7555,8/25/2020,35,2,25,7,N,10:15,M,543,10:25,Gash,2.1,64.18224,-160.95758,7/8,1.5,1,54,58,1,,100,3,a,,,,,
7575,8/25/2020,35,2,25,8,N,10:30,F,538,10:40,,1.1,64.18224,-160.95758,7/8,1.5,1,54,58,1,,100,3,a,,,,,
7595,8/25/2020,35,2,25,9,S,10:35,M,575,10:42,,1.1,64.18224,-160.95758,7/8,1.5,1,54,58,1,,100,4,,,,,,
7615,8/25/2020,35,2,25,10,S,10:35,F,575,10:44,,3,64.18224,-160.95758,5/8,1.5,1,54,58,1,,100,1,a,Shaktoolik,9/2/2020,22:39:31,,
7635,8/25/2020,35,2,26,1,S,10:35,F,537,10:46,,1.1,64.18224,-160.95758,5/8,1.5,1,54,58,1,,100,3,a,,,,,
7655,8/25/2020,35,2,26,2,S,10:36,F,509,10:50,,2.1,64.18224,-160.95758,5/8,1.5,1,54,58,1,,100,3,a,,,,,
7675,8/25/2020,35,2,26,3,S,10:36,M,556,10:53,Previous 6 fish (8th-3rd) hit simultaneously. Reset only 5 5/8.,1.1,64.18224,-160.95758,5/8,1.5,1,54,58,1,,100,3,a,,,,,
7695,8/25/2020,35,2,26,4,N,11:12,M,535,11:15,,2.1,64.18224,-160.95758,5/8,1.5,1,54,58,1,,100,2,a,S,,,,
7715,8/25/2020,35,2,26,5,N,11:48,M,551,11:52,,2.1,64.18224,-160.95758,5/8,1.5,1,54,58,1,,100,1,b,Unalakleet,8/26/2020,,5 7/8,
7735,8/25/2020,35,2,26,6,N,11:52,F,501,11:58,,1.1,64.18224,-160.95758,5/8,1.5,1,54,58,1,,100,4,,,,,,
7755,8/25/2020,35,2,26,7,S,12:08,F,541,12:14,,2.1,64.18224,-160.95758,5/8,1.5,1,54,58,1,,100,4,,,,,,
7775,8/25/2020,35,2,26,8,S,12:27,F,546,12:32,,1.1,64.18224,-160.95758,5/8,1.5,1,54,58,1,,100,4,,,,,,
7795,8/25/2020,35,2,26,9,S,12:58,M,515,13:00,,7,64.18224,-160.95758,5/8,1.5,1,54,58,1,,100,3,a,,,,,Sockeye
7815,8/25/2020,35,2,26,10,N,13:23,F,562,13:27,,1.1,64.24375,-160.99340,7/8,1.1,0.8,58,60,1,,75,1,a,Shaktoolik,8/28/2020,8:42:34,,Recaptured in Shaktoolik River 8/28/20 on RR
7835,8/25/2020,35,2,27,1,S,13:59,M,546,14:02,,1.1,64.24375,-160.99340,7/8,1.1,0.8,58,60,1,,75,1,a,Unalakleet,,,,
7855,8/25/2020,35,2,27,2,N,14:20,M,560,14:26,,7,64.24375,-160.99340,7/8,1.1,0.8,58,60,1,,75,3,b,6,8/24/2020,,5 7/8,Sockeye
7875,8/26/2020,35,2,28,1,S,9:50,F,594,9:59,,3,64.20171,-160.95265,7/8,1.4,1.3,52,60,1,SE,50,3,a,,,,,
7895,8/26/2020,35,2,28,2,S,9:50,F,536,10:00,,3,64.20171,-160.95265,7/8,1.4,1.3,52,60,1,SE,50,2,a,S,,,,
7915,8/26/2020,35,2,28,3,N,10:39,F,535,10:44,,2.1,64.20171,-160.95265,7/8,1.4,1.3,52,60,1,SE,50,4,,,,,,
7935,8/26/2020,35,2,28,4,S,11:48,F,541,11:51,,3,64.27180,-161.04591,7/8,1.5,1.25,50,60,1,E,50,1,a,Shaktoolik,8/27/2020,22:19:56,,
7955,8/26/2020,35,2,28,5,S,12:03,F,563,12:08,,2.1,64.27180,-161.04591,7/8,1.5,1.25,50,60,1,E,50,1,a,Unalakleet,,,,
7975,8/26/2020,35,2,28,6,S,12:17,M,508,12:24,"Reabsorbed scales, spawning colors",3.1,64.27180,-161.04591,7/8,1.5,1.25,50,60,1,E,50,1,a,Shaktoolik,8/27/2020,17:36:42,,
7995,8/26/2020,35,2,28,7,S,12:38,F,613,12:46,,1.1,64.27180,-161.04591,7/8,1.5,1.25,50,60,1,E,50,3,a,,,,,